{
  "accuracy": 0.34106335043907166,
  "loss": 1.26011119239168e+16,
  "val_accuracy": 0.5158371329307556,
  "val_loss": 933669116051456.0,
  "epoch": 14,
  "global_step": 120
}