{
  "accuracy": 0.3257918655872345,
  "loss": 9742616841158656.0,
  "val_accuracy": 0.5158371329307556,
  "val_loss": 380784519151616.0,
  "epoch": 71,
  "global_step": 576
}