{
  "accuracy": 0.37613123655319214,
  "loss": 1493374758551552.0,
  "val_accuracy": 0.5452488660812378,
  "val_loss": 269291647664128.0,
  "epoch": 80,
  "global_step": 4536
}