{
  "accuracy": 0.4406108558177948,
  "loss": 312895968.0,
  "val_accuracy": 0.4162895977497101,
  "val_loss": 145769056.0,
  "epoch": 97,
  "global_step": 5488
}