{
  "accuracy": 0.38009050488471985,
  "loss": 1348064337985536.0,
  "val_accuracy": 0.5452488660812378,
  "val_loss": 222201022251008.0,
  "epoch": 61,
  "global_step": 3472
}