{
  "accuracy": 0.4513574540615082,
  "loss": 236986826752.0,
  "val_accuracy": 0.1289592832326889,
  "val_loss": 223148670976.0,
  "epoch": 91,
  "global_step": 5152
}