{
  "accuracy": 0.40497738122940063,
  "loss": 23852151209984.0,
  "val_accuracy": 0.35746607184410095,
  "val_loss": 4135060504576.0,
  "epoch": 99,
  "global_step": 5600
}