{
  "accuracy": 0.2986425459384918,
  "loss": 2009843636371456.0,
  "val_accuracy": 0.5452488660812378,
  "val_loss": 125988277059584.0,
  "epoch": 9,
  "global_step": 80
}