{
  "accuracy": 0.38800904154777527,
  "loss": 2267549727195136.0,
  "val_accuracy": 0.5452488660812378,
  "val_loss": 386049779957760.0,
  "epoch": 91,
  "global_step": 5152
}