{
  "accuracy": 0.31447964906692505,
  "loss": 1103164698787840.0,
  "val_accuracy": 0.5158371329307556,
  "val_loss": 392471460708352.0,
  "epoch": 55,
  "global_step": 448
}