{
  "accuracy": 0.36764705181121826,
  "loss": 5223058189058048.0,
  "val_accuracy": 0.1289592832326889,
  "val_loss": 376127499534336.0,
  "epoch": 85,
  "global_step": 688
}