{
  "accuracy": 0.3812217116355896,
  "loss": 1344715337236480.0,
  "val_accuracy": 0.5452488660812378,
  "val_loss": 302870020751360.0,
  "epoch": 96,
  "global_step": 5432
}