{
  "accuracy": 0.3897058963775635,
  "loss": 1547552415547392.0,
  "val_accuracy": 0.3257918655872345,
  "val_loss": 183039845990400.0,
  "epoch": 73,
  "global_step": 4144
}