{
  "accuracy": 0.415723979473114,
  "loss": 3001737879224320.0,
  "val_accuracy": 0.3257918655872345,
  "val_loss": 142998520201216.0,
  "epoch": 79,
  "global_step": 4480
}