{
  "accuracy": 0.3218325674533844,
  "loss": 9393218030403584.0,
  "val_accuracy": 0.33710408210754395,
  "val_loss": 345891466641408.0,
  "epoch": 70,
  "global_step": 568
}