{
  "accuracy": 0.29242080450057983,
  "loss": 4730015270830080.0,
  "val_accuracy": 0.5452488660812378,
  "val_loss": 370825899278336.0,
  "epoch": 79,
  "global_step": 640
}