{
  "accuracy": 0.42760181427001953,
  "loss": 362300704.0,
  "val_accuracy": 0.3076923191547394,
  "val_loss": 126336832.0,
  "epoch": 90,
  "global_step": 5096
}