{
  "accuracy": 0.4021493196487427,
  "loss": 35651265232896.0,
  "val_accuracy": 0.5452488660812378,
  "val_loss": 3384273534976.0,
  "epoch": 77,
  "global_step": 4368
}