{
  "accuracy": 0.31278279423713684,
  "loss": 1.1591335047856128e+16,
  "val_accuracy": 0.5452488660812378,
  "val_loss": 249948524249088.0,
  "epoch": 33,
  "global_step": 272
}