{
  "accuracy": 0.30882352590560913,
  "loss": 372527041871872.0,
  "val_accuracy": 0.33710408210754395,
  "val_loss": 219681789050880.0,
  "epoch": 59,
  "global_step": 480
}