{
  "accuracy": 0.4010181128978729,
  "loss": 1625943084892160.0,
  "val_accuracy": 0.5452488660812378,
  "val_loss": 26897679384576.0,
  "epoch": 44,
  "global_step": 2520
}