{
  "accuracy": 0.5022624731063843,
  "loss": 1.014761209487915,
  "val_accuracy": 0.5452488660812378,
  "val_loss": 0.9799694418907166,
  "epoch": 99,
  "global_step": 5600
}