{
  "accuracy": 0.3642534017562866,
  "loss": 2414033881792512.0,
  "val_accuracy": 0.3257918655872345,
  "val_loss": 146378156146688.0,
  "epoch": 52,
  "global_step": 424
}