{
  "accuracy": 0.26923078298568726,
  "loss": 8631587184836608.0,
  "val_accuracy": 0.3257918655872345,
  "val_loss": 648104323842048.0,
  "epoch": 56,
  "global_step": 456
}