{
  "accuracy": 0.38404977321624756,
  "loss": 5198247362560.0,
  "val_accuracy": 0.3257918655872345,
  "val_loss": 1396707426304.0,
  "epoch": 89,
  "global_step": 5040
}