{
  "accuracy": 0.3501131236553192,
  "loss": 1178462790352896.0,
  "val_accuracy": 0.5158371329307556,
  "val_loss": 329522104762368.0,
  "epoch": 23,
  "global_step": 192
}