{
  "accuracy": 0.42138010263442993,
  "loss": 1873433198592.0,
  "val_accuracy": 0.5452488660812378,
  "val_loss": 723664044032.0,
  "epoch": 99,
  "global_step": 5600
}