{
  "accuracy": 0.2822398245334625,
  "loss": 1974967696621568.0,
  "val_accuracy": 0.1289592832326889,
  "val_loss": 190091678973952.0,
  "epoch": 13,
  "global_step": 112
}