{
  "accuracy": 0.29638010263442993,
  "loss": 1460808840118272.0,
  "val_accuracy": 0.3257918655872345,
  "val_loss": 189020755722240.0,
  "epoch": 38,
  "global_step": 312
}