{
  "accuracy": 0.3812217116355896,
  "loss": 796839041302528.0,
  "val_accuracy": 0.5452488660812378,
  "val_loss": 122733706870784.0,
  "epoch": 72,
  "global_step": 4088
}